Genus,Number of sequences
[Acetivibrio]_ethanolgignens_group,3
[Agitococcus]_lubricus_group,29
[Anaerorhabdus]_furcosa_group,44
[Aquaspirillum]_arcticum_group,23
[Aquaspirillum]_polymorphum_group,2
[Bacteroides]_pectinophilus_group,16
[Caedibacter]_taeniospiralis_group,10
[Clostridium]_innocuum_group,112
[Cytophaga]_xylanolytica_group,14
[Desulfobacterium]_catecholicum_group,128
[Eubacterium]_brachy_group,74
[Eubacterium]_cellulosolvens_group,11
[Eubacterium]_eligens_group,80
[Eubacterium]_fissicatena_group,43
[Eubacterium]_hallii_group,456
[Eubacterium]_nodatum_group,170
[Eubacterium]_oxidoreducens_group,124
[Eubacterium]_ruminantium_group,160
[Eubacterium]_saphenum_group,10
[Eubacterium]_siraeum_group,73
[Eubacterium]_tenue_group,3
[Eubacterium]_ventriosum_group,113
[Eubacterium]_xylanophilum_group,164
[Eubacterium]_yurii_group,33
[Mycoplasma]_group,67
[Polyangium]_brachysporum_group,11
[Renibacterium]_salmoninarum_group,2
[Rhizobium]_sphaerophysae_group,5
[Ruminococcus]_gauvreauii_group,331
[Ruminococcus]_gnavus_group,250
[Ruminococcus]_torques_group,848
[Streptomyces]_thermoautotrophicus,3
[Synechococcus]_spongiarum_group,14
1174-901-12,62
1921-2,12
1921-3,24
1959-1,13
2013Ark19i,4
28-4,3
28-YEA-48,2
3PJM14,5
966-1,18
9M32,25
A-plasma,14
A07HB70,17
A2,175
A714019,4
A815,2
AAP99,32
Abditibacterium,162
Abiotrophia,43
Abyssivirga,4
Ac37b,2
Acanthopleuribacter,25
Acaricomes,3
Acaryochloris_MBIC11017,13
Acetanaerobacterium,10
Acetatifactor,25
Acetitomaculum,182
Acetivibrio,28
Acetoanaerobium,30
Acetobacter,352
Acetobacterium,100
Acetobacteroides,14
Acetohalobium,7
Acetomicrobium,34
Acetonema,5
Acholeplasma,212
Achromatium,16
Achromobacter,352
Acidaminobacter,49
Acidaminococcus,38
Acidianus,27
Acidibacillus,36
Acidibacter,188
Acidicaldus,25
Acidicapsa,19
Acidiferrobacter,5
Acidihalobacter,12
Acidilobus,10
Acidimicrobium,11
Acidiphilium,153
Acidipila-Silvibacterium,83
Acidiplasma,8
Acidipropionibacterium,39
Acidisoma,15
Acidisphaera,12
Aciditerrimonas,4
Acidithiobacillus,246
Acidithrix,13
Acidobacterium,12
Acidocella,32
Acidomonas,8
Acidothermus,97
Acidovorax,562
Aciduliprofundum,32
Acinetobacter,3378
Acrocarpospora,10
Acrophormium_PCC-7375,25
Actibacter,20
Actibacterium,25
Actimicrobium,12
Actinoallomurus,42
Actinoalloteichus,24
Actinobacillus,503
Actinobaculum,2
Actinocatenispora,8
Actinocorallia,26
Actinokineospora,29
Actinomadura,242
Actinomyces,717
Actinomycetospora,40
Actinophytocola,49
Actinoplanes,261
Actinopolymorpha,11
Actinopolyspora,41
Actinorectispora,9
Actinorhabdospora,1
Actinorugispora,1
Actinospica,26
Actinosynnema,12
Actinotalea,26
Actinotignum,17
Acuticoccus,15
Adhaeribacter,118
Adlercreutzia,11
ADurb.Bin063-1,77
ADurb.Bin063-2,16
ADurb.Bin118,9
ADurb.Bin120,45
Advenella,43
Aequorivita,34
Aeribacillus,57
Aeriscardovia,5
Aerococcus,143
Aeromicrobium,97
Aeromonas,1492
Aeropyrum,27
Aerosakkonema_Lao26,2
Aerosphaera,11
Aestuariibacter,55
Aestuariibaculum,7
Aestuariibius,2
Aestuariicella,17
Aestuariicoccus,21
Aestuariihabitans,2
Aestuariimicrobium,24
Aestuariimonas,4
Aestuariispira,5
Aestuariivita,1
Aestuariivivens,3
Aetherobacter,8
Aetokthonos_AEL04,2
Afifella,16
Afipia,82
Agaribacter,22
Agaribacterium,7
Agaricicola,3
Agarilytica,8
Agarivorans,40
Agathobacter,773
Aggregatibacter,272
Aggregicoccus,2
Agreia,5
Agrilactobacillus,3
Agrococcus,79
Agromyces,181
Ahniella,60
Ahrensia,10
Aidingimonas,6
Akkermansia,486
AKYG587,42
Albibacter,4
Albidovulum,21
Albimonas,12
Albirhodobacter,12
Alcaligenes,283
Alcanivorax,330
Algibacter,40
Algicola,14
Algimonas,11
Algiphilus,5
Algisphaera,8
Algitalea,10
Algivirga,3
Algoriella,2
Algorimarina,1
Algoriphagus,167
Aliagarivorans,2
Alicycliphilus,51
Alicyclobacillus,171
Aliicoccus,4
Aliidiomarina,56
Aliidongia,2
Aliifodinibius,13
Aliiglaciecola,14
Aliihoeflea,10
Aliikangiella,17
Aliiroseovarius,34
Aliivibrio,111
Alishewanella,37
Alistipes,555
Aliterella,37
Alkalibacillus,17
Alkalibacter,10
Alkalibacterium,40
Alkalicoccus,13
Alkaliflexus,17
Alkalilimnicola,4
Alkalimarinus,5
Alkalimonas,14
Alkalinema_CENA528,2
Alkalispirillum,2
Alkalispirochaeta,44
Alkalitalea,6
Alkanibacter,13
Alkanindiges,60
Allisonella,7
Alloactinosynnema,9
Allobacillus,7
Allobaculum,21
Allobranchiibius,3
Allocatelliglobosispora,4
Allochromatium,23
Allofrancisella,7
Allofustis,4
Allohumibacter,1
Alloiococcus,26
Allokutzneria,8
Allonocardiopsis,1
Alloprevotella,435
Allorhizobium-Neorhizobium-Pararhizobium-Rhizobium,1832
Allosalinactinospora,2
Alloscardovia,16
Allostreptomyces,3
alphaI_cluster,50
Alpinimonas,1
Alsobacter,5
Altererythrobacter,311
Alteribacillus,20
Alterococcus,14
Alteromonas,602
Alysiella,24
Amantichitinum,3
Amaricoccus,47
Ameyamaea,5
Aminiphilus,7
Aminivibrio,12
Aminobacter,93
Aminobacterium,24
Aminomonas,4
Ammonifex,3
Ammoniibacillus,4
Ammoniphilus,24
Amnibacterium,14
Amnipila,20
Amorphus,6
Amphibacillus,27
Amphiplicatus,39
Amphritea,34
Ampullimonas,2
Amycolatopsis,307
Amylibacter,62
Amylolactobacillus,13
Anabaena_BECID22,3
Anabaena_HBU1,2
Anabaena_PCC-7108,6
Anabaena_PCC-7122,29
Anabaena_XPORK15F,5
Anabaenopsis,1
Anaerobacillus,44
Anaerobacter,3
Anaerobacterium,13
Anaerobiospirillum,19
Anaerobium,3
Anaerocella,19
Anaerococcus,501
Anaerocolumna,47
Anaerofilum,20
Anaerofustis,37
Anaeroglobus,5
Anaerolinea,112
Anaerolineaceae_UCG-001,23
Anaeromusa-Anaeroarcus,21
Anaeromyxobacter,114
Anaerophaga,24
Anaeroplasma,63
Anaerosalibacter,19
Anaerosinus,12
Anaerosolibacter,7
Anaerosphaera,3
Anaerospora,34
Anaerosporobacter,83
Anaerosporomusa,17
Anaerostignum,43
Anaerostipes,491
Anaerotruncus,51
Anaerovibrio,73
Anaerovorax,217
Anaplasma,57
Ancalomicrobium,4
Ancylobacter,31
Ancylothrix_8PC,4
Anderseniella,22
Anditalea,2
Andreprevotia,2
Aneurinibacillus,93
Angelakisella,4
Angiococcus,5
Angulomicrobium,2
Angustibacter,16
ANME-2b,11
ANME-3,46
Annamia_HOs24,10
Annwodia,4
Anoxybacillus,813
Anseongella,8
Antarcticibacterium,30
Antarcticimonas,2
Antarctobacter,9
Antricoccus,14
Aphanizomenon_MDT14a,11
Aphanizomenon_NIES81,39
Aphanotece,1
Apibacter,9
Apilactobacillus,50
AqS1,70
Aquabacter,1
Aquabacterium,290
Aquamicrobium,44
Aquamonas,1
Aquaspirillum,13
Aquibacillus,8
Aquibacter,109
Aquicella,167
Aquifex,4
Aquiflexum,17
Aquimarina,73
Aquimixticola,4
Aquimonas,20
Aquincola,1
Aquipuribacter,9
Aquisalibacillus,3
Aquisalimonas,10
Aquisphaera,51
Aquitalea,21
AR15,28
AR20,4
Arachidicoccus,19
Arboricoccus,4
Arcanobacterium,41
Archaeoglobus,32
Archangium,20
Arcicella,44
Arcobacter,104
Arcticibacter,22
Arcticiflavibacter,20
Ardenticatena,4
Arenibacter,51
Arenicella,22
Arenimonas,207
Arenitalea,1
Arhodomonas,4
Aridibacter,24
Armatimonas,12
Arsenicibacter,3
Arsenicicoccus,6
Arsenicitalea,17
Arsenophonus,98
Arthrobacter,737
Arthronema_SAG_12.89,4
Arthrospira_PCC-7345,42
Asaccharobacter,2
Asaccharospora,2
Asaia,54
Asanoa,23
Ascidiaceihabitans,48
Ascidiimonas,3
ASF356,30
Asinibacterium,8
Asteroleplasma,18
Asticcacaulis,46
Atelocyanobacterium_(UCYN-A),4
Atlantibacter,4
Atopobacter,1
Atopobium,75
Atopococcus,8
Atopostipes,60
Aurantiacicella,1
Aurantimicrobium,19
Aurantimonas,13
Aurantisolimonas,61
Aurantivirga,14
Auraticoccus,5
Aureibacillus,4
Aureibacter,1
Aureicoccus,1
Aureimarina,2
Aureimonas,62
Aureisphaera,5
Aureispira,27
Aureitalea,2
Aureivirga,2
Auricoccus-Abyssicoccus,8
Auritidibacter,5
Austwickia,5
AUTHM297,4
Avibacterium,25
Azoarcus,145
Azohydromonas,20
Azomonas,4
Azonexus,28
Azorhizobium,22
Azorhizophilus,4
Azospira,53
Azospirillum,333
Azotobacter,100
Azovibrio,18
B2706-C7,4
B276-D12,3
BacC-u-018,7
Bacillus,15700
Bact-08,8
Bacteriovorax,29
Bacteroides,3747
Baia,5
Balnearium,2
Balneatrix,3
Balneola,38
Barnesiella,88
Barrientosiimonas,3
Bartonella,173
Basfia,11
Basilea,5
Bauldia,103
Bavariicoccus,3
BCf9-17_termite_group,26
BD1-7_clade,130
Bdellovibrio,347
Beggiatoa,30
Beijerinckia,25
Belliella,15
Bellilinea,12
Belnapia,12
Bergeriella,4
Bergeyella,138
Bermanella,4
Bernardetia,5
Beutenbergia,3
Bhargavaea,30
Bibersteinia,41
Bifidobacterium,708
Bilophila,24
Biostraticola,1
Bisgaardia,10
BIyi10,29
Bizionia,22
Blastocatella,165
Blastochloris,24
Blastococcus,104
Blastomonas,29
Blastopirellula,324
Blattabacterium,46
Blautia,3091
Blvii28_wastewater-sludge_group,75
BMM02,3
Bogoriella,7
Bombella,11
Bombilactobacillus,22
Bombiscardovia,3
Bordetella,1367
Borrelia,58
Borreliella,61
Bosea,127
Boseongicola,7
Bounagaea,1
Bowmanella,4
Brachybacterium,160
Brachymonas,88
Brachyspira,63
Brackiella,1
Bradymonas,8
Bradyrhizobium,812
Branchiibius,3
Brenneria,25
Breoghania,7
Brevibacillus,515
Brevibacterium,266
Brevifollis,6
Brevinema,17
Brevirhabdus,4
Brevundimonas,549
Breznakia,10
BRH-c57,3
Brochothrix,70
Brockia,3
Brooklawnia,8
Brucella,537
Brumimicrobium,22
Bryobacter,663
Bryocella,28
BSV13,86
Buchnera,219
Budvicia,6
Bulleidia,4
Burkholderia-Caballeronia-Paraburkholderia,2880
Buttiauxella,64
Butyricicoccus,180
Butyricimonas,56
Butyrivibrio,311
Byssovorax,2
Bythopirellula,24
C-2,3
C1-B045,100
C39,31
Caedibacter,12
Caenimonas,63
Caenispirillum,9
CAG-352,73
CAG-56,30
CAG-873,8
Caldalkalibacillus,7
Caldanaerobacter,56
Caldanaerobius,8
Calderihabitans,1
Caldibacillus,15
Caldicellulosiruptor,171
Caldicoprobacter,121
Caldilinea,9
Caldimicrobium,28
Caldimonas,6
Caldisericum,33
Caldisphaera,13
Calditerricola,4
Calditerrivibrio,12
Caldithrix,23
Caldivirga,5
Caldora_VP642b,6
Calenema,7
Calidifontibacter,3
Caloramator,92
Caloribacterium,5
Calorithrix,24
Calothrix_KVSF5,14
Calothrix_NIES-2100,6
Calothrix_PCC-6303,105
Calothrix_PCC-7507,5
Calothrix_PMC232.04,3
Calothrix_UAM_374,11
Camelimonas,9
Caminibacter,28
Caminicella,39
Campylobacter,1035
Candidatus_Accumulibacter,124
Candidatus_Actinomarina,178
Candidatus_Allobeggiatoa,1
Candidatus_Altiarchaeum,41
Candidatus_Alysiosphaera,54
Candidatus_Amoebophilus,60
Candidatus_Amphibiichlamydia,3
Candidatus_Anadelfobacter,2
Candidatus_Anammoximicrobium,12
Candidatus_Anammoxoglobus,3
Candidatus_Ancillula,23
Candidatus_Annandia,2
Candidatus_Aquiluna,50
Candidatus_Aquirestis,27
Candidatus_Arcanobacter,1
Candidatus_Armantifilum,44
Candidatus_Arthromitus,51
Candidatus_Azobacteroides,24
Candidatus_Babela,3
Candidatus_Bacilloplasma,13
Candidatus_Baumannia,24
Candidatus_Bealeia,8
Candidatus_Benitsuchiphilus,10
Candidatus_Berkiella,52
Candidatus_Blochmannia,36
Candidatus_Branchiomonas,2
Candidatus_Brocadia,32
Candidatus_Brownia,14
Candidatus_Caldatribacterium,48
Candidatus_Caldiarchaeum,58
Candidatus_Captivus,20
Candidatus_Cardinium,23
Candidatus_Carsonella,33
Candidatus_Chloroploca,12
Candidatus_Chlorothrix,113
Candidatus_Chrysopegis,1
Candidatus_Clavichlamydia,2
Candidatus_Cloacimonas,91
Candidatus_Competibacter,95
Candidatus_Contendobacter,23
Candidatus_Contubernalis,8
Candidatus_Cryptoplasma,2
Candidatus_Cryptoprodotis,5
Candidatus_Curculioniphilus,31
Candidatus_Cyrtobacter,2
Candidatus_Deferrimonas,4
Candidatus_Defluviella,1
Candidatus_Desulfamplus,2
Candidatus_Desulfofervidus,9
Candidatus_Desulforudis,24
Candidatus_Dichloromethanomonas,6
Candidatus_Ecksteinia,6
Candidatus_Electronema,11
Candidatus_Electrothrix,13
Candidatus_Endobugula,6
Candidatus_Endoecteinascidia,23
Candidatus_Endolissoclinum,2
Candidatus_Endonucleariobacter,3
Candidatus_Entotheonella,31
Candidatus_Evansia,9
Candidatus_Finniella,11
Candidatus_Flaviluna,3
Candidatus_Fokinia,3
Candidatus_Fritschea,5
Candidatus_Gigarickettsia,3
Candidatus_Gloeomargarita,12
Candidatus_Glomeribacter,9
Candidatus_Gortzia,4
Candidatus_Halobonum,19
Candidatus_Haloectosymbiotes,1
Candidatus_Haloredivivus,18
Candidatus_Hamiltonella,30
Candidatus_Hartigia,3
Candidatus_Heliomonas,1
Candidatus_Hemipteriphilus,2
Candidatus_Hemobacterium,1
Candidatus_Hepatoplasma,34
Candidatus_Hodgkinia,173
Candidatus_Hydrogenedens,3
Candidatus_Ishikawaella,7
Candidatus_Isobeggiatoa,7
Candidatus_Jettenia,16
Candidatus_Kinetoplastibacterium,23
Candidatus_Kleidoceria,1
Candidatus_Korarchaeum,62
Candidatus_Koribacter,90
Candidatus_Kryptobacter,1
Candidatus_Kryptonium,2
Candidatus_Kuenenia,15
Candidatus_Lariskella,6
Candidatus_Latescibacter,55
Candidatus_Liberibacter,42
Candidatus_Limnoluna,11
Candidatus_Lumbricincola,5
Candidatus_Magnetananas,14
Candidatus_Magnetobacterium,6
Candidatus_Magnetoglobus,14
Candidatus_Magnetomorum,1
Candidatus_Magnetoovum,5
Candidatus_Maribeggiatoa,2
Candidatus_Marispirochaeta,35
Candidatus_Marithioploca,4
Candidatus_Marithrix,5
Candidatus_Megaira,26
Candidatus_Mesochlamydia,1
Candidatus_Metachlamydia,1
Candidatus_Methanofastidiosum,60
Candidatus_Methanogranum,7
Candidatus_Methanomethylicus,28
Candidatus_Methanomethylophilus,72
Candidatus_Methanoperedens,87
Candidatus_Methanoplasma,29
Candidatus_Methylacidiphilum,14
Candidatus_Methylomirabilis,25
Candidatus_Methylopumilus,34
Candidatus_Methylospira,6
Candidatus_Microthrix,35
Candidatus_Midichloria,7
Candidatus_Moduliflexus,3
Candidatus_Moranella,4
Candidatus_Nanobsidianus,11
Candidatus_Nanopusillus,7
Candidatus_Nanosalinarum,6
Candidatus_Nasuia,12
Candidatus_Navis,3
Candidatus_Neoehrlichia,4
Candidatus_Nitrocosmicus,52
Candidatus_Nitrosocaldus,18
Candidatus_Nitrosoglobus,4
Candidatus_Nitrosopelagicus,51
Candidatus_Nitrosopumilus,717
Candidatus_Nitrososphaera,233
Candidatus_Nitrosotalea,17
Candidatus_Nitrosotenuis,34
Candidatus_Nitrotoga,47
Candidatus_Nostocoida,13
Candidatus_Nucleicultrix,6
Candidatus_Obscuribacter,13
Candidatus_Odyssella,2
Candidatus_Omnitrophus,426
Candidatus_Ovatusbacter,37
Candidatus_Paceibacter,11
Candidatus_Paenicardinium,6
Candidatus_Parabeggiatoa,4
Candidatus_Paracaedibacter,35
Candidatus_Paraholospora,2
Candidatus_Phaeomarinobacter,1
Candidatus_Photodesmus,3
Candidatus_Phytoplasma,475
Candidatus_Piscichlamydia,3
Candidatus_Planktoluna,17
Candidatus_Planktophila,21
Candidatus_Portiera,41
Candidatus_Profftella,4
Candidatus_Protochlamydia,24
Candidatus_Puchtella,4
Candidatus_Puniceispirillum,16
Candidatus_Purcelliella,9
Candidatus_Regiella,11
Candidatus_Renichlamydia,2
Candidatus_Rhabdochlamydia,6
Candidatus_Riegeria,26
Candidatus_Riesia,11
Candidatus_Rosenkranzia,8
Candidatus_Rubidus,1
Candidatus_Ruthia,4
Candidatus_Saccharimonas,110
Candidatus_Scalindua,54
Candidatus_Schmidhempelia,4
Candidatus_Schneideria,5
Candidatus_Similichlamydia,11
Candidatus_Soleaferrea,146
Candidatus_Solibacter,552
Candidatus_Stammerula,8
Candidatus_Stoquefichus,40
Candidatus_Sulcia,117
Candidatus_Symbiobacter,48
Candidatus_Symbiothrix,75
Candidatus_Syntrophoarchaeum,4
Candidatus_Tammella,25
Candidatus_Tenderia,33
Candidatus_Thermokryptus,1
Candidatus_Thiobios,33
Candidatus_Thiodiazotropha,18
Candidatus_Thioglobus,3
Candidatus_Thiophysa,1
Candidatus_Thiopilula,5
Candidatus_Thiosymbion,38
Candidatus_Tokpelaia,2
Candidatus_Tremblaya,44
Candidatus_Trichorickettsia,3
Candidatus_Turbabacter,2
Candidatus_Udaeobacter,397
Candidatus_Uzinura,74
Candidatus_Vesicomyosocius,7
Candidatus_Vestibaculum,34
Candidatus_Vidania,13
Candidatus_Westeberhardia,1
Candidatus_Xenohaliotis,5
Candidatus_Xenolissoclinum,1
Candidatus_Xiphinematobacter,66
Candidatus_Zinderia,21
Candidimonas,22
Capnocytophaga,533
Caproiciproducens,111
Carboxydocella,16
Carboxydothermus,14
Carboxylicivirga,51
Cardiobacterium,113
Carnimonas,14
Carnobacterium,111
Caryophanon,9
Castellaniella,84
Catabacter,3
Catalinimonas,12
Catellatospora,16
Catellicoccus,7
Catelliglobosispora,2
Catenibacillus,8
Catenibacterium,130
Catenisphaera,21
Catenococcus,12
Catenovulum,12
Catenulispora,12
Catenuloplanes,19
Catonella,51
Caulobacter,189
Cavicella,14
Caviibacter,3
Caviibacterium,4
Cecembia,6
Cedecea,44
Celeribacter,39
Celerinatantimonas,3
Cellulomonas,158
Cellulophaga,82
Cellulosibacter,2
Cellulosilyticum,51
Cellulosimicrobium,86
Cellvibrio,107
CENA359,13
CENA384,2
CENA518,3
CENA533,2
Cenarchaeum,27
Centipeda,13
Cephalothrix_SAG_75.79,14
Cephaloticoccus,32
Cerasibacillus,8
Cerasicoccus,56
Cereibacter,11
Cesiribacter,15
Cetobacterium,136
Chalicogloea_CCALA_975,11
Chamaesiphon_PCC-6605,6
Chamaesiphon_PCC-7430,19
Changchengzhania,4
Chania,7
Chelativorans,21
Chelatococcus,23
Chelonobacter,4
Chiayiivirga,6
Chishuiella,4
Chitinibacter,7
Chitinilyticum,2
Chitinimonas,25
Chitiniphilus,8
Chitinivibrio,2
Chitinivorax,9
Chitinophaga,185
CHKCI001,5
CHKCI002,2
Chlamydia,387
Chloracidobacterium,13
Chlorobaculum,41
Chlorobium,76
Chloroflexus,48
Chlorogloea_SAG_10.99,3
Chlorogloeopsis_PCC-7518,8
Chloroherpeton,4
Chloronema,7
Chondromyces,9
Christensenella,8
Christensenellaceae_R-7_group,2301
Chromatium,12
Chromatocurvus,2
Chromobacterium,130
Chromohalobacter,69
Chroococcidiopsis_CC1,8
Chroococcidiopsis_PCC_7203,21
Chroococcidiopsis_PCC-6712,6
Chroococcidiopsis_SAG_2023,29
Chroococcopsis,1
Chroococcus_HUW_799,2
Chryseobacterium,805
Chryseoglobus,11
Chryseolinea,66
Chryseomicrobium,27
Chrysiogenes,1
Chthoniobacter,274
Chthonobacter,18
Chthonomonas,35
Chujaibacter,40
Chungangia,6
CI75cm.2.12,12
Ciceribacter,14
Citreicella,12
Citreimonas,3
Citreitalea,9
Citricoccus,34
Citrifermentans,130
Citrobacter,802
CK06-06-Mud-MAS4B-21,5
CL500-29_marine_group,256
CL500-3,47
Clade_Ia,465
Clade_Ib,238
Clavibacter,59
Cloacibacillus,26
Cloacibacterium,227
Clostridioides,795
Clostridium,1
Clostridium_sensu_stricto_1,1941
Clostridium_sensu_stricto_10,35
Clostridium_sensu_stricto_11,83
Clostridium_sensu_stricto_12,296
Clostridium_sensu_stricto_13,174
Clostridium_sensu_stricto_14,12
Clostridium_sensu_stricto_15,27
Clostridium_sensu_stricto_16,10
Clostridium_sensu_stricto_17,2
Clostridium_sensu_stricto_18,436
Clostridium_sensu_stricto_19,4
Clostridium_sensu_stricto_2,11
Clostridium_sensu_stricto_3,32
Clostridium_sensu_stricto_4,4
Clostridium_sensu_stricto_5,22
Clostridium_sensu_stricto_6,31
Clostridium_sensu_stricto_7,85
Clostridium_sensu_stricto_8,50
Clostridium_sensu_stricto_9,29
Cm1-21,19
CM1G08,7
Cnuella,32
Cnuibacter,6
Cobetia,85
Cocleimonas,73
Coenonia,5
Coetzeea,1
Cognatishimia,26
Cognatiyoonia,8
Cohaesibacter,51
Cohnella,162
Coleofasciculus_PCC-7420,291
Colidextribacter,386
Collimonas,45
Collinsella,339
Colwellia,413
Comamonas,502
Commensalibacter,20
Companilactobacillus,95
Compostimonas,1
Conchiformibius,42
Conexibacter,110
Confluentibacter,9
Confluentimicrobium,6
Congregibacter,9
Conservatibacter,2
Constrictibacter,22
Conyzicola,11
Coprobacillus,10
Coprobacter,26
Coprococcus,372
Coprothermobacter,100
Coraliomargarita,35
Corallibacter,3
Corallococcus,70
Corallomonas,2
Coriobacteriaceae_UCG-002,17
Coriobacteriaceae_UCG-003,9
Coriobacterium,9
Corticibacter,6
Corticibacterium,3
Corticicoccus,2
Corynebacterium,3609
Cosenzaea,3
Costertonia,6
Couchioplanes,5
Coxiella,387
CPla-4_termite_group,10
cr616,5
Crassaminicella,10
Craurococcus-Caldovatus,35
Crenalkalicoccus,1
Crenobacter,17
Crenotalea,1
Crenothrix,64
Criblamydia,1
Cribrihabitans,9
Cricetibacter,2
Criibacterium,1
Crinalium_SAG_22.89,13
Croceibacter,5
Croceicoccus,12
Croceitalea,17
Crocinitomix,84
Crocosphaera,1
Cronobacter,239
Crossiella,142
Cruoricaptor,2
Cryobacterium,62
Cryocola,2
Cryomorpha,50
Cryptanaerobacter,34
Cryptobacterium,5
Cryptosporangium,15
Cucumibacter,4
Cuneatibacter,1
Cuniculiplasma,12
Cupriavidus,370
Curtobacterium,148
Curvibacter,88
Cuspidothrix_LMECYA_163,10
Cutibacterium,1693
Cyanobacterium_PCC-10605,9
Cyanobacterium_PCC-7202,13
Cyanobium_PCC-6307,209
Cyanothece_ATCC_51142_(UCYN-C),4
Cyanothece_PCC_7425,10
Cyanothece_PCC-7424,10
Cyanothece_PCC-8801,6
Cyclobacterium,39
Cycloclasticus,29
Cylindrospermopsis_CRJ1,19
Cylindrospermum_CENA33,2
Cylindrospermum_NQAIF308,2
Cylindrospermum_PCC-7417,12
Cylindrospermum_PMC238.04,2
Cylindrospermum_SAG_11.82,2
Cystobacter,24
Cytophaga,53
Dactylococcopsis_PCC-8305,86
Dactylosporangium,41
Daeguia,1
Dapisostemonum_CCIBt_3536,10
Dasania,7
DBS1,10
Dechlorobacter,27
Dechloromonas,181
Dechlorosoma,23
Deefgea,14
Deferribacter,11
Deferrisoma,26
Defluviicoccus,75
Defluviimonas,54
Defluviitalea,33
Defluviitaleaceae_UCG-011,105
Defluviitoga,36
Dehalobacter,33
Dehalobacterium,13
Dehalobium,7
Dehalococcoides,38
Dehalogenimonas,13
Deinobacterium,2
Deinococcus,339
Delftia,285
Dellaglioa,2
Demequina,41
Demetria,4
Dendrosporobacter,7
Denitratisoma,65
Denitrobacterium,6
Denitromonas,16
Denitrovibrio,5
Dermabacter,23
Dermacoccus,21
Dermatophilus,8
Derxia,6
Desemzia,27
Desertibacter,3
Desertifilum_KR2012-2,3
Desmonostoc_PCC-6302,3
Desmonostoc_PCC-7422,40
Desmospora,2
Desulfacinum,4
Desulfallas-Sporotomaculum,68
Desulfarculus,4
Desulfatibacillum,15
Desulfatiglans,447
Desulfatirhabdium,34
Desulfatitalea,22
Desulfitibacter,41
Desulfitispora,4
Desulfitobacterium,94
Desulfobacca,74
Desulfobacter,87
Desulfobacterium,42
Desulfobacula,20
Desulfobaculum,1
Desulfobotulus,10
Desulfobulbus,212
Desulfocapsa,215
Desulfocarbo,13
Desulfocella,15
Desulfococcus,12
Desulfoconvexum,30
Desulfocurvus,10
Desulfofaba,11
Desulfofarcimen,253
Desulfofrigus,12
Desulfofundulus,39
Desulfofustis,35
Desulfoglaeba,1
Desulfohalobium,4
Desulfohalotomaculum,42
Desulfoluna,3
Desulfomicrobium,96
Desulfomonile,61
Desulfonatronobacter,10
Desulfonatronospira,10
Desulfonatronovibrio,9
Desulfonatronum,19
Desulfonauticus,4
Desulfonema,234
Desulfonispora,2
Desulfopila,54
Desulfoplanes,25
Desulfoprunum,13
Desulforegula,4
Desulforhabdus,11
Desulforhopalus,113
Desulfosalsimonas,10
Desulfosarcina,45
Desulfosoma,2
Desulfospira,2
Desulfosporosinus,317
Desulfotalea,26
Desulfothermobacter,2
Desulfothermus,3
Desulfotignum,46
Desulfotomaculum,73
Desulfovermiculus,131
Desulfovibrio,665
Desulfovirga,12
Desulfovirgula,1
Desulfurella,18
Desulfuribacillus,11
Desulfurispira,2
Desulfurispirillum,7
Desulfurispora,52
Desulfurivibrio,44
Desulfurobacterium,19
Desulfurococcus,9
Desulfuromonas,104
Desulfuromusa,63
Dethiobacter,61
Dethiosulfatarculus,1
Dethiosulfatibacter,37
Dethiosulfovibrio,17
DEV008,24
DEV114,29
Devosia,386
Devriesea,3
dgA-11_gut_group,45
Dialister,411
Diaminobutyricibacter,1
Diaminobutyricimonas,7
Diaphorobacter,192
Dichelobacter,8
Dichotomicrobium,57
Dickeya,188
Dictyoglomus,10
Dielma,26
Dietzia,130
Dinghuibacter,57
Dinoroseobacter,19
Diplorickettsia,7
Diplosphaera,14
Dissulfuribacter,3
Dissulfurimicrobium,12
Dissulfurirhabdus,2
DMER64,152
DMI,4
DNF00809,14
Dokdonella,96
Dokdonia,56
Dolichospermum_NIES41,52
Dolosicoccus,2
Dolosigranulum,125
Domibacillus,42
Donghicola,20
Dongia,134
Dorea,410
Draconibacterium,55
DS001,2
Dsc1,2
DSSD61,9
DSSF69,14
DTU089,10
Dubosiella,73
Duganella,101
Dyadobacter,136
Dyella,105
Dysgonomonas,159
E-plasma,10
E1B-B3-114,2
EBM-39,9
EcFYyy-200,6
Echinicola,21
Ectothiorhodosinus,1
Ectothiorhodospira,21
Edaphobacter,52
Edaphobaculum,189
Edwardsiella,171
Effusibacillus,23
Eggerthella,36
Eggerthia,10
Egibacter,4
Egicoccus,8
Ehrlichia,35
Eikenella,23
Eilatimonas,2
Eionea,4
Eisenbergiella,74
Eisenibacter,7
Ekhidna,34
Elioraea,6
Elizabethkingia,166
Ellin516,24
Ellin517,34
Ellin6055,92
Ellin6067,252
Elstera,6
Elusimicrobium,17
Emcibacter,3
EMP-G18,4
Empedobacter,27
Emticicia,32
Endobacter,13
Endomicrobium,158
endosymbionts,203
Endothiovibrio,3
Endozoicomonas,326
Enhydrobacter,150
Enhygromyxa,7
Enorma,9
Ensifer,482
Enteractinococcus,17
Enterobacillus,15
Enterobacter,2404
Enterococcus,2061
Enterorhabdus,136
Enteroscipio,2
Enterovibrio,26
Entomoplasma,12
Eoetvoesia,10
Epibacterium,50
Epulopiscium,193
Ercella,35
Ereboglobus,10
Eremococcus,7
Erwinia,259
Erysipelatoclostridium,158
Erysipelothrix,225
Erysipelotrichaceae_UCG-002,50
Erysipelotrichaceae_UCG-003,134
Erysipelotrichaceae_UCG-006,17
Erysipelotrichaceae_UCG-007,18
Erysipelotrichaceae_UCG-008,2
Erysipelotrichaceae_UCG-009,14
Erythrobacter,261
Escherichia-Shigella,7667
ESFC-1,13
Estrella,1
ET-SHO,7
Ethanoligenens,19
EUB33-2,5
Eubacterium,68
Eudoraea,9
Euryhalocaulis,8
Euzebya,9
Euzebyella,16
Ewamiania_TS0513,2
Exiguobacterium,366
Exilispira,15
Extensimonas,11
Ezakiella,37
F0058,47
F0332,49
F1-37X2,7
Fabibacter,24
Facklamia,42
Faecalibacterium,1950
Faecalibaculum,437
Faecalicoccus,5
Faecalitalea,48
Falsarthrobacter,2
Falsibacillus,2
Falsiporphyromonas,1
Falsirhodobacter,28
Falsochrobactrum,23
Family_XIII_AD3011_group,183
Family_XIII_UCG-001,37
Fangia,2
Fastidiosipila,291
Faucicola,1
FCPS473,29
FD2005,22
Fenollaria,57
Fermentimonas,137
Ferribacterium,38
Ferrimicrobium,9
Ferrimonas,44
Ferriphaselus,12
Ferrithrix,16
Ferritrophicum,68
Ferroglobus,3
Ferroplasma,38
Ferrovibrio,16
Ferrovum,31
Ferruginibacter,308
Fervidicella,2
Fervidicoccus,15
Fervidobacterium,51
FFCH5858,6
FFCH7168,19
Fibrella,17
Fibrisoma,9
Fibrobacter,181
Fictibacillus,98
Filibacter,3
Filifactor,18
Filimonas,26
Filobacillus,2
Filobacterium,4
Filomicrobium,71
Fimbriiglobus,76
Fimbriimonas,8
Finegoldia,164
Fischerella_CENA298,2
Fischerella_PCC-9339,60
Flagellimonas,4
Flammeovirga,42
Flaviaesturariibacter,19
Flavicella,10
Flaviflexus,13
Flavihumibacter,24
Flavimaricola,13
Flavimarina,7
Flaviramulus,2
Flavirhabdus,15
Flavisolibacter,198
Flavitalea,46
Flavivirga,4
Flavobacterium,2344
Flavonifractor,49
Flectobacillus,19
Flexibacter,17
Flexilinea,31
Flexistipes,6
Flexithrix,26
Flexivirga,10
Flindersiella,4
Floricoccus,5
Fluviicoccus,6
Fluviicola,232
Fluviimonas,3
Fodinibacter,2
Fodinibius,6
Fodinicola,2
Fodinicurvata,9
Foliisarcina,1
Fontibacillus,9
Fontibacter,3
Fonticella,66
Fontimonas,17
Formivibrio,4
Formosa,108
Fortiea_PCC-7126,3
Fournierella,31
Fr127,5
Francisella,244
Franconibacter,12
Frankia,53
Frateuria,33
Frederiksenia,11
Fretibacter,2
Fretibacterium,181
Friedmanniella,67
Frigidibacter,4
Frigoribacterium,27
Frischella,10
Frisingicoccus,33
Frondibacter,2
Frondihabitans,18
Fructilactobacillus,49
Fructobacillus,23
FS140-16B-02_marine_group,17
FS142-36B-02,14
Fuchsiella,3
Fuerstia,19
FukuN18_freshwater_group,20
FukuN57,15
Fulvibacter,2
Fulvimarina,8
Fulvimonas,9
Fulvitalea,1
Fulvivirga,42
Furfurilactobacillus,12
Fusibacter,331
Fusicatenibacter,403
Fusobacterium,1164
G12-WMSP1,16
Ga0074140,3
Gaetbulibacter,17
Gaiella,203
Galbibacter,6
Galbitalea,23
Galenea,2
Gallaecimonas,10
Gallibacterium,40
Gallicola,28
Gallionella,140
Gangjinia,9
Garciella,8
Gardnerella,22
Garicola,10
Garritya,2
Gayadomonas,2
GBChlB,15
GCA-900066575,107
GCA-900066755,6
Geitlerinema,3
Geitlerinema_LD9,3
Geitlerinema_PCC-7105,22
Geitlerinema_PCC-8501,18
Geitlerinema_PCC-9228,4
Gelidibacter,17
Gemella,364
Geminicoccus,11
Geminobacterium,17
Geminocystis_PCC-6308,21
Gemmata,191
Gemmatimonas,260
Gemmatirosa,8
Gemmobacter,59
Geoalkalibacter,22
Geobacillus,844
Geobacter,227
Geodermatophilus,65
Geofilum,1
Geoglobus,12
Geojedonia,3
Geomicrobium,9
Geopsychrobacter,16
Georgenia,49
Georgfuchsia,8
Geosporobacter,14
Geotalea,16
Geothermobacter,44
Geothermobacterium,4
Geothermomicrobium,4
Geothrix,50
Geotoga,4
Geovibrio,8
Gibbsiella,13
Giesbergeria,17
Gilliamella,69
Gillisia,41
Gilvibacter,11
Gilvimarinus,16
Gimesia,12
GKS98_freshwater_group,59
Glaciecola,57
Glaciibacter,4
Glaciihabitans,6
Glaciimonas,9
Globicatella,14
Gloeobacter_PCC-7421,6
Gloeocapsa,18
Gloeocapsa_PCC-7428,9
Gloeocapsopsis_BDHKU_35101,2
Gloeothece_PCC-6501,3
Gloeotrichia_PYH6,2
Gloeotrichia_SAG_32.84,3
Gluconacetobacter,70
Gluconobacter,146
Glutamicibacter,190
Glycocaulis,3
Glycomyces,71
Goodfellowiella,5
Gordonia,261
Gordonibacter,26
GOUTA6,40
Gracilibacillus,48
Gracilimonas,40
Gramella,55
Granulibacter,32
Granulicatella,225
Granulicella,190
Granulicoccus,3
Granulosicoccus,41
Greenland-10,2
Grimontia,33
Gryllotalpicola,18
GTL1,1
Gulbenkiania,2
Gulosibacter,8
Guyparkeria,20
GWD2-49-16,4
GWE2-31-10,22
GWE2-42-42,81
Gynuella,6
H1,13
Haematobacter,16
Haematomicrobium,1
Haematospirillum,9
Haemophilus,1532
Hafnia-Obesumbacterium,127
Hahella,31
Haladaptatus,32
Halalkalibacillus,3
Halalkalicoccus,14
Halanaeroarchaeum,19
Halanaerobacter,10
Halanaerobaculum,2
Halanaerobium,137
Halapricum,50
Halarchaeum,25
Halarcobacter,54
Halarsenatibacter,12
Haliangium,561
Haliea,12
Halioglobus,162
Halioxenophilus,3
Haliscomenobacter,35
Haloactinobacterium,3
Haloactinopolyspora,32
Haloactinospora,1
Haloarchaeobius,23
Haloarcula,220
Halobacillus,182
Halobacteriovorax,104
Halobacterium,82
Halobacteroides,9
Halobaculum,18
Halobellus,44
Halobiforma,16
Halocalculus,1
Halocella,23
Halochromatium,69
Halococcus,64
Halocynthiibacter,14
Halodesulfovibrio,37
Halodesulfurarchaeum,13
Halodurantibacterium,23
Haloechinothrix,1
Haloferax,116
Haloferula,29
Halofilum,22
Halogeometricum,38
Haloglycomyces,1
Halogranum,16
Halohasta,19
Haloimpatiens,20
Halolactibacillus,33
Halolamina,69
Halomarina,21
Halomicroarcula,40
Halomicrobium,65
Halomicronema,2
Halomicronema_C2206,2
Halomicronema_TFEP1,6
Halomonas,1327
Halonatronum,3
Halonotius,98
Haloparvum,38
Halopelagius,8
Halopenitus,8
Halopeptonella,18
Halopiger,27
Haloplanus,47
Haloplasma,28
Halopolyspora,4
Haloquadratum,72
Halorhabdus,20
Halorhodospira,47
Halorientalis,19
Halorubellus,16
Halorubrum,347
Halorussus,33
Halosiccatus,3
Halosimplex,38
Halospina,6
Halospirulina_CCC_Baja-95_Cl.2,10
Halostagnicola,18
Halostella,5
Halotalea,7
Haloterrigena,127
Halothermothrix,6
Halothiobacillus,35
Halotia_CENA158,3
Halovarius,1
Halovenus,22
Halovibrio,7
Halovivax,20
Halovulum,12
Hamadaea,9
Hansschlegelia,10
Hanstruepera,2
Haoranjiania,6
Harryflintia,11
Hartmannibacter,3
Hasllibacter,2
Hassallia,57
Hathewaya,20
HAVOmat113,8
Hazenella,3
HdN1,3
Helcobacillus,13
Helcococcus,68
Helicobacter,640
Heliimonas,7
Heliobacillus,7
Heliobacterium,19
Heliophilum,3
Heliorestis,5
Hellea,9
Henriciella,15
Hephaestia,7
Herbaspirillum,157
Herbiconiux,15
Herbidospora,8
Herbihabitans,4
Herbinix,49
Herminiimonas,96
Herpetosiphon,21
Hespellia,6
hgcI_clade,329
HIMB11,42
Hippea,12
Hirschia,61
Histophilus,68
HK-RBC54,2
HN-HF0106,80
hoa5-07d05_gut_group,12
Hoeflea,27
Holdemanella,182
Holdemania,7
Holophaga,19
Holospora,9
Holzapfelia,1
Homoserinibacter,4
Homoserinimonas,3
Hoppeia,13
Hormoscilla_SI04-45,12
horsej-a03,18
Howardella,30
Hoyosella,9
HSB_OF53-F07,33
HT002,12
HTCC5015,16
Huakuichenia,7
Huanghella,1
Hugenholtzia,5
Humibacillus,7
Humibacter,12
Humitalea,1
Hungateiclostridium,43
Hungatella,132
Hwangdonia,3
Hwanghaeicola,2
Hyalangium,1
Hydrobacter,2
Hydrocarboniphaga,19
Hydrogenibacillus,5
Hydrogenimonas,20
Hydrogenivirga,4
Hydrogenobacter,30
Hydrogenobaculum,45
Hydrogenophaga,260
Hydrogenophilus,30
Hydrogenothermus,7
Hydrogenovibrio,4
Hydrotalea,8
Hylemonella,12
Hymenobacter,585
Hyperthermus,3
Hyphobacterium,10
Hyphococcus,10
Hyphomicrobium,300
Hyphomonas,106
Hypnocyclicus,18
Hyunsoonleella,11
I-8,12
Iamia,144
Ichthyenterobacterium,3
Ichthyobacterium,11
Ideonella,56
Idiomarina,201
Ignatzschineria,13
Ignavibacterium,76
Ignavigranum,20
Ignicoccus,11
Ignisphaera,29
IheB2-23,19
IheB2-31,3
IheB3-7,59
Ileibacterium,7
Ilumatobacter,97
Ilyobacter,12
IMCC26134,24
IMCC26207,44
Immundisolibacter,41
Imperialibacter,20
Imtechella,2
Incertae_Sedis,494
Indibacter,4
Inhella,21
Inmirania,7
Inquilinus,35
Insolitispirillum,8
Intestinibacter,58
Intestinimonas,44
Intrasporangium,22
Iodidimonas,10
Iodobacter,21
Iphinoe_LOS-B1,4
Irregularibacter,9
IS-44,77
Isobaculum,1
Isochromatium,1
Isoptericola,71
Isosphaera,18
Izhakiella,25
Izimaplasma,23
Jahnella,3
Janibacter,68
Jannaschia,49
Janthinobacterium,209
Jatrophihabitans,96
JCM_18997,5
JdFR-20,2
JdFR-45,3
JdFR-76,24
Jejudonia,7
Jejuia,3
Jeongeupia,8
Jeotgalibaca,54
Jeotgalibacillus,39
Jeotgalicoccus,60
JG30a-KF-32,21
JGI_0001001-H03,156
JGI-0000079-D21,50
Jhaorihella,12
Jiangella,20
Jiella,4
JL-ETNP-F27,28
JL-ETNP-Z34,2
Johnsonella,36
Jonesia,25
Jonquetella,1
Joostella,10
JSC-12,9
JTB255_marine_benthic_group,46
Kaistia,25
Kallotenue,4
Kamptonema_PCC-6407,10
Kandleria,2
Kangiella,35
KCM-B-112,57
KD3-10,23
Keratinibaculum,8
Kerstersia,27
Ketobacter,41
Ketogulonicigenium,35
Kibdelosporangium,26
Kiloniella,7
Kineococcus,44
Kineosphaera,4
Kineosporia,29
Kingella,122
Kinneretia,6
Kiritimatiella,3
Kistimonas,9
Kitasatospora,186
Klebsiella,3467
Klenkia,14
Klugiella,4
Kluyvera,101
Knoellia,35
Kocuria,349
Komagataeibacter,176
Kordia,34
Kordiimonas,78
Kosakonia,213
Kosmotoga,9
Koukoulia,2
Kouleothrix,10
Kozakia,19
Krasilnikovia,8
Krasilnikoviella,2
Kribbella,82
Kribbia,2
Kriegella,2
Kroppenstedtia,11
Ktedonobacter,32
Kurthia,63
Kushneria,28
Kutzneria,8
Kyrpidia,28
Kytococcus,13
Labedaea,1
Labedella,4
Labilibacter,14
Labilithrix,10
Labrenzia,87
Labrys,53
Laceyella,27
Lachnoanaerobaculum,58
Lachnobacterium,2
Lachnoclostridium,1449
Lachnospira,141
Lachnospiraceae_AC2044_group,209
Lachnospiraceae_FCS020_group,157
Lachnospiraceae_FE2018_group,15
Lachnospiraceae_NC2004_group,171
Lachnospiraceae_ND3007_group,239
Lachnospiraceae_NK3A20_group,359
Lachnospiraceae_NK4A136_group,2262
Lachnospiraceae_NK4B4_group,18
Lachnospiraceae_UCG-001,376
Lachnospiraceae_UCG-002,23
Lachnospiraceae_UCG-003,23
Lachnospiraceae_UCG-004,191
Lachnospiraceae_UCG-006,188
Lachnospiraceae_UCG-007,7
Lachnospiraceae_UCG-008,692
Lachnospiraceae_UCG-009,27
Lachnospiraceae_UCG-010,20
Lachnospiraceae_XPB1014_group,204
Lachnotalea,6
Lacibacter,16
Lacibacterium,1
Lacihabitans,20
Lacimicrobium,12
Lacimonas,8
Lacinutrix,23
Lacticaseibacillus,587
Lacticigenium,5
Lactiplantibacillus,998
Lactivibrio,15
Lactobacillus,1408
Lactococcus,639
Lactonifactor,6
Lactovum,15
Lacunisphaera,95
Lamprocystis,13
Lampropedia,11
Lapidilactobacillus,4
Lapillicoccus,19
Laribacter,29
Larkinella,26
Larsenimonas,3
Latilactobacillus,276
Lautropia,194
Lawsonella,144
Lawsonia,9
LB3-76,9
LCP-80,51
LD29,51
Leadbetterella,21
Lebetimonas,8
Lechevalieria,71
Leeia,15
Leeuwenhoekiella,24
Legionella,787
Leifsonia,98
Leisingera,29
Lelliottia,44
Leminorella,11
Lentibacillus,26
Lentibacter,25
Lentilactobacillus,136
Lentilitoribacter,8
Lentimicrobium,266
Lentimonas,83
Lentisphaera,33
Leptobacterium,2
Leptococcus_JA-3-3Ab,13
Leptolinea,127
Leptolyngbya_ANT.L52.2,41
Leptolyngbya_ANT.L67.1,11
Leptolyngbya_BN43,3
Leptolyngbya_EcFYyyy-00,12
Leptolyngbya_Es-Yyy1000,5
Leptolyngbya_FYG,8
Leptolyngbya_LEGE-06070,3
Leptolyngbya_PCC-6306,43
Leptolyngbya_PCC-6406,5
Leptolyngbya_RV74,5
Leptolyngbya_SAG_2411,3
Leptolyngbya_VRUC_135,28
Leptonema,5
Leptospira,204
Leptospirillum,182
Leptothrix,92
Leptotrichia,349
Leucobacter,227
Leuconostoc,406
Leucothrix,28
Levilactobacillus,227
Levilinea,17
Lewinella,136
Libanicoccus,16
Ligilactobacillus,414
Lihuaxuella,3
Limibacillus,11
Limibacter,2
Limibaculum,94
Limimaricola,21
Limimonas,11
Limisphaera,4
Limnobacter,202
Limnochorda,7
Limnohabitans,237
Limnolyngbya_CHAB4449,4
Limnothrix,33
Limosilactobacillus,747
Lipingzhangella,5
Liquorilactobacillus,37
Lishizhenia,3
Listeria,1269
Litoreibacter,15
Litoribacillus,2
Litoribacter,2
Litoribaculum,1
Litoribrevibacter,2
Litoricola,27
Litorilinea,23
Litorilituus,1
Litorimicrobium,14
Litorimonas,12
Litorisediminicola,1
Litorisediminivivens,2
Litorivivens,7
LNR_A2-18,11
Loigolactobacillus,73
Loktanella,7
Lonepinella,3
Longilinea,163
Longimicrobium,15
Longimonas,8
Longimycelium,8
Longispora,21
Longivirga,8
Lonsdalea,22
Loriellopsis_LF-B5,6
LS-NOB,84
Luedemannella,34
Luethyella,1
Luminiphilus,29
Lunatimonas,4
Lutaonella,1
Luteibacter,63
Luteibaculum,8
Luteimicrobium,6
Luteimonas,245
Luteipulveratus,4
Luteitalea,57
Luteivirga,8
Luteococcus,13
Luteolibacter,211
Lutibacter,69
Lutibaculum,3
Lutimaribacter,13
Lutimonas,14
Lyngbya_PCC-7419,44
Lysinibacillus,794
Lysinimicrobium,16
Lysinimonas,15
Lysobacter,465
Lyticum,1
M2PB4-61_termite_group,22
M2PT2-76_termite_group,11
Macellibacteroides,62
Macrococcus,51
Macromonas,4
Mageeibacillus,10
Magnetococcus,196
Magnetospira,58
Magnetospirillum,54
Magnetovibrio,46
Mahella,8
Mailhella,10
Malaciobacter,54
Malikia,16
Maliponia,1
Malonomonas,8
Mameliella,17
Mangrovibacter,11
Mangrovibacterium,4
Mangroviflexus,11
Mangrovimonas,5
Mannheimia,165
Maribacter,131
Maribius,8
Maricaulis,31
Marichromatium,18
Maricurvus,2
Marihabitans,2
Marimicrobium,8
Marinactinospora,2
Marinagarivorans,4
Marinateneraspora,1
marine_group,34
Marine_Methylotrophic_Group_2,71
Marine_Methylotrophic_Group_3,40
Marinibacterium,18
Marinibactrum,1
Marinicaulis,20
Marinicella,55
Marinifilum,229
Mariniflexile,11
Marinilabilia,8
Marinilactibacillus,36
Marinilutecoccus,10
Marinimicrobium,40
Marininema,2
Mariniphaga,7
Mariniradius,4
Marinithermus,4
Marinitoga,14
Marinobacter,614
Marinobacterium,129
Marinococcus,47
Marinomonas,179
Marinoscillum,75
Marinospirillum,25
Marinosulfonomonas,1
Marinovum,25
Mariprofundus,137
Marisediminicola,12
Marispirillum,6
Maritalea,14
Maritimibacter,19
Maritimimonas,135
Marivirga,27
Marivita,39
Marivivens,17
Marixanthomonas,10
Marmoricola,76
Martelella,34
Marvinbryantia,250
Massilia,1086
Mastigocladopsis_PCC-10914,25
Mastigocoleus_BC008,2
MAT-CR-P4-C12,11
MB11C04_marine_group,79
MBIC10086,5
MD3-55,20
Mechercharimyces,4
Megamonas,71
Megasphaera,169
Meiothermus,90
Melghirimyces,7
Melioribacter,13
Melissococcus,21
Melittangium,7
Membranicola,21
Meniscus,17
Merdibacter,5
Meridianimaribacter,4
Merismopedia_0BB39S01,3
Merismopedia_AICB1015,2
Mesoaciditoga,13
Mesocricetibacter,4
Mesoflavibacter,20
Mesonia,25
Mesoplasma,74
Mesorhizobium,559
Mesotoga,36
Metallibacterium,15
Metallosphaera,46
Methanimicrococcus,34
Methanobacterium,229
Methanobrevibacter,1038
Methanocalculus,34
Methanocaldococcus,33
Methanocella,53
Methanococcoides,49
Methanococcus,46
Methanocorpusculum,47
Methanoculleus,204
Methanofollis,22
Methanogenium,32
Methanohalobium,5
Methanohalophilus,42
Methanolacinia,7
Methanolinea,99
Methanolobus,68
Methanomassiliicoccus,20
Methanomethylovorans,50
Methanomicrobium,39
Methanoplanus,5
Methanopyrus,9
Methanoregula,186
Methanosaeta,566
Methanosalsum,5
Methanosarcina,306
Methanosphaera,202
Methanosphaerula,6
Methanospirillum,118
Methanothermobacter,52
Methanothermococcus,10
Methanothermus,3
Methanotorris,15
Methermicoccus,4
Methylarcula,2
Methylibium,26
Methylobacillus,32
Methylobacter,56
Methylobacterium-Methylorubrum,670
Methylobrevis,1
Methylocaldum,21
Methylocapsa,11
Methyloceanibacter,33
Methylocella,21
Methylococcus,19
Methylocystis,57
Methyloferula,5
Methylogaea,1
Methyloglobulus,13
Methylohalobius,4
Methyloligella,2
Methylomagnum,4
Methylomarinovum,3
Methylomarinum,9
Methylomicrobium,33
Methylomonas,91
Methylomusa,5
Methylonatrum,10
Methyloparacoccus,14
Methylophaga,128
Methylophilus,113
Methylopila,9
Methyloprofundus,55
Methylorhabdus,2
Methylorosula,24
Methylosarcina,9
Methylosinus,18
Methylosoma,1
Methylosphaera,1
Methylotenera,148
Methyloterricola,1
Methyloterrigena,2
Methylothermus,5
Methyloversatilis,44
Methylovirgula,15
Methylovorus,9
Methylovulum,19
Mf105b01,14
Micavibrio,3
Microaerobacter,1
Microbacter,10
Microbacterium,1167
Microbispora,53
Microbulbifer,101
Microcella,5
Micrococcus,332
Microcoleus_CENA344,2
Microcoleus_Es-Yyy1400,7
Microcoleus_PCC-7113,6
Microcoleus_SAG_1449-1a,20
Microcystis_NIES42,2
Microcystis_PCC-7914,79
Microlunatus,80
Micromonospora,580
Micropepsis,7
Micropruina,12
Microscilla,12
Microseira_Carmichael-Alabama,11
Microterricola,9
Microtetraspora,8
Microvirga,175
Microvirgula,16
Milano-WF1B-03,38
Milano-WF1B-42,3
Millisia,1
Minicystis,13
Miniimonas,3
Mitsuaria,19
Mitsuokella,39
MIZ14,2
MIZ17,7
MIZ36,7
Mizugakiibacter,8
ML310M-34,10
ML602J-51,9
mle1-7,69
MM1,9
MM2,19
MN_122.2a,7
MND1,290
Mobilicoccus,8
Mobilisporobacter,1
Mobilitalea,11
Mobiluncus,35
Modestobacter,46
Modicisalibacter,4
Moellerella,3
Mogibacterium,181
Moheibacter,43
Mongoliibacter,1
Mongoliicoccus,4
Mongoliitalea,5
Monoglobus,352
Moorea,10
Mooreia,3
Moorella,39
Moraxella,345
Morganella,180
Moritella,70
Moryella,56
Motilibacter,6
Motilimonas,4
Motiliproteus,14
MSB-1D1,6
MSBL3,36
MSBL7,51
MTP1,3
Mucilaginibacter,319
Mucinivorans,5
Mucispirillum,26
Mumia,7
Murdochiella,24
Muribacter,27
Muribaculum,31
Muricauda,113
Muricoccus,2
Muriicola,8
Murimonas,2
Murinocardiopsis,1
MWH-Ta3,5
Myceligenerans,15
Mycetocola,34
Mycoavidus,5
Mycobacterium,1572
Mycoplana,8
Mycoplasma,675
Myroides,117
Myxococcus,114
Myxosarcina_GI1,2
Myxosarcina_SAG_30.84,10
NA,113702
Naasia,4
Nafulsella,3
Nakamurella,86
Nannocystis,58
Nanoarchaeum,22
Natranaerobius,17
Natranaerovirga,5
Natrialba,48
Natribacillus,10
Natribaculum,2
Natrinema,31
Natroniella,4
Natronoarchaeum,26
Natronobacillus,1
Natronobacterium,12
Natronocella,1
Natronococcus,41
Natronoflexus,1
Natronohydrobacter,2
Natronolimnobius,17
Natronomonas,79
Natronorubrum,43
Natronotalea,2
Natronovirga,5
Naumannella,3
Nautella,28
Nautilia,11
Necropsobacter,4
NED5E9,3
Negadavirga,2
Negativibacillus,62
Negativicoccus,14
Neiella,4
Neisseria,1395
Neo-b11,3
Neoasaia,7
Neochlamydia,25
Neokomagataea,3
Neomegalonema,9
Neomicrococcus,8
Neorhizobium,23
Neorickettsia,25
Neoscardovia,1
Neosynechococcus,1
Neptuniibacter,32
Neptunitalea,4
Neptunomonas,18
Nereida,8
Nesiotobacter,2
Nesterenkonia,76
Nevskia,40
Nguyenibacter,2
Niabella,62
Niastella,59
Nibrella,5
Nibribacter,23
Nicoletella,17
Nioella,21
Nisaea,12
Nissabacter,2
Nitratifractor,84
Nitratireductor,105
Nitratiruptor,20
Nitriliruptor,3
Nitrincola,24
Nitritalea,2
Nitrobacter,22
Nitrococcus,7
Nitrolancea,19
Nitrosarchaeum,63
Nitrosococcus,15
Nitrosomonas,210
Nitrosospira,49
Nitrospina,139
Nitrospira,539
Nitrospirillum,20
Niveibacterium,4
Niveispirillum,36
Niveitalea,1
NK4A214_group,687
Nocardia,700
Nocardioides,846
Nocardiopsis,311
Nodosilinea_PCC-7104,88
Nodularia_PCC-9350,48
Nonlabens,65
Nonomuraea,199
Nordella,56
Nosocomiicoccus,18
Nostoc,1
Nostoc_0708,4
Nostoc_BDU-40302,7
Nostoc_PCC-7107,59
Nostoc_PCC-73102,161
Nostoc_PCC-7524,74
Nostoc_PCC-8976,35
Nostoc_SAG_60.79,6
Nostocoida,1
Novibacillus,10
Noviherbaspirillum,243
Novispirillum,7
Novosphingobium,564
NS10_marine_group,41
NS2b_marine_group,54
NS3a_marine_group,35
NS4_marine_group,144
NS5_marine_group,249
Nubsella,21
Oblitimonas,36
oc32,27
Occallatibacter,126
Oceanibacterium,1
Oceanibaculum,7
Oceanibulbus,6
Oceanicaulis,51
Oceanicella,11
Oceanicoccus,3
Oceanicola,10
Oceanimonas,28
Oceaniovalibus,4
Oceanirhabdus,3
Oceaniserpentilla,5
Oceanisphaera,55
Oceanithermus,8
Oceanivirga,40
Oceanobacillus,229
Oceanobacter,18
Oceanobacterium,5
Oceanococcus,4
Oceanospirillum,19
Oceanotoga,2
Ochrobactrum,319
Ochrovirga,1
Octadecabacter,44
Odoribacter,108
Oenococcus,19
Oerskovia,21
Ohtaekwangia,53
Oikopleura,20
Okibacterium,9
OLB12,36
OLB13,15
OLB15,2
OLB17,9
OLB8,18
Oleiagrimonas,6
Oleibacter,24
Oleiphilus,36
Oleispira,30
Oleomonas,1
Oligella,17
Oligoflexus,31
Oligosphaera,4
Oligotropha,6
Olivibacter,36
Olleya,23
Olsenella,94
OM27_clade,304
OM43_clade,131
OM60(NOR5)_clade,211
OM75_clade,32
Opitutus,106
Orbus,5
Orenia,19
Oribacterium,154
Oricola,4
Orientia,16
Ornatilinea,25
Ornithinibacillus,23
Ornithinibacter,10
Ornithinicoccus,18
Ornithinimicrobium,42
Ornithobacterium,40
Orrella,4
Oryzihumus,20
Oscillatoria,1
Oscillatoria_PCC-10802,21
Oscillatoria_PCC-6304,21
Oscillatoria_SAG_1459-8,6
Oscillatoria_SAG8.92,2
Oscillibacter,272
Oscillochloris,5
Oscillospira,29
Otariodibacter,98
Ottowia,95
Owenweeksia,35
Oxalicibacterium,20
Oxalobacter,28
Oxalophagus,3
Oxobacter,62
Oxynema_BDU_92071,5
p-1088-a5_gut_group,41
P3OB-42,268
P3OB-51,3
Pacificibacter,4
Paenalcaligenes,22
Paenarthrobacter,162
Paenibacillus,2903
Paeniclostridium,60
Paeniglutamicibacter,62
Paenirhodobacter,9
Paenisporosarcina,57
Paenochrobactrum,14
Pajaroellobacter,128
Palaeococcus,10
Palleronia-Pseudomaribius,11
Paludibacter,153
Paludibacterium,23
Paludicola,29
Paludisphaera,25
Panacagrimonas,14
Pandoraea,132
Pannonibacter,33
Pantalinema,4
Pantoea,1018
Papillibacter,73
Parabacteroides,472
Parablastomonas,5
Parachlamydia,8
Paraclostridium,108
Paracoccus,560
Paracraurococcus,2
Paradevosia,2
Paraeggerthella,7
Parafilimonas,20
Parafrigoribacterium,47
Paraglaciecola,79
Parahaliea,25
Paraherbaspirillum,2
Paralactobacillus,3
Paralcaligenes,4
Paraliobacillus,26
Paramaledivibacter,20
Paramesorhizobium,5
Paramoritella,7
Paraoerskovia,10
Parapedobacter,51
Paraperlucidibaca,5
Paraprevotella,43
Parapusillimonas,54
Pararhodospirillum,5
Parascardovia,5
Parasediminibacterium,11
Parasegetibacter,17
Parasphingopyxis,8
Parasporobacterium,1
Parasutterella,134
Parvibacter,6
Parvibaculum,49
Parvibium,7
Parvimonas,98
Parviterribacter,13
Parvularcula,23
Pasteurella,326
Pasteuria,23
Patulibacter,17
Paucibacter,54
Paucilactobacillus,32
Paucimonas,6
Paucisalibacillus,10
Pectinatus,14
Pectobacterium,349
Pediococcus,304
Pedobacter,542
Pedococcus-Phycicoccus,34
Pedomicrobium,163
Pedosphaera,12
Pelagibaca,11
Pelagibacterium,44
Pelagibius,44
Pelagicoccus,19
Pelagicola,7
Pelagimonas,6
Pelagirhabdus,3
Pelistega,10
Pelobacter,5
Pelobium,4
Pelolinea,47
Pelomonas,89
Pelosinus,114
Pelospora,22
Pelotomaculum,67
Peptoanaerobacter,2
Peptoclostridium,165
Peptococcus,51
Peptoniphilus,207
Peptostreptococcus,58
Peredibacter,154
Perexilibacter,3
Perlucidibaca,7
Permianibacter,3
Persephonella,16
Persicirhabdus,32
Persicitalea,17
Persicobacter,7
Perspicuibacter,4
Petalonema_ANT.LG2.8,8
Petrimonas,49
Petrotoga,17
Phaeobacter,138
Phaeochromatium,2
Phaeocystidibacter,7
Phaeodactylibacter,179
Phaeospirillum,11
Phaeovibrio,1
Phascolarctobacterium,209
Phaselicystis,102
Phaseolibacter,3
Phenylobacterium,173
Phocaeicola,3
Phocea,4
Phocoenobacter,141
Phoenicibacter,9
Phorcysia,1
Phormidesmis_ANT.L52.6,26
Phormidesmis_ANT.LACV5.1,37
Phormidium_CYN64,13
Phormidium_ETS-05,5
Phormidium_IAM_M-71,17
Phormidium_MBIC10002,3
Phormidium_MBIC10003,42
Phormidium_SAG_37.90,16
Phormidium_SAG_81.79,2
Photobacterium,395
Photorhabdus,103
Phreatobacter,50
Phycisphaera,19
Phyllobacterium,107
Phyllonema_CENA325,2
Phytoactinopolyspora,10
Phytohabitans,13
Phytomonospora,2
Pibocella,7
Picrophilus,2
Pigmentiphaga,21
Pilibacter,7
Pilimelia,5
Pir1_lineage,7
Pir2_lineage,10
Pir3_lineage,7
Pir4_lineage,546
Pirellula,412
Piscibacillus,11
Piscicoccus,2
Pisciglobus,3
Piscinibacter,22
Piscirickettsia,129
pItb-vmat-59,10
Planctomicrobium,77
Planctopirus,70
Planifilum,14
Planktomarina,111
Planktosalinus,12
Planktotalea,25
Planktothricoides_SR001,9
Planktothrix_NIVA-CYA_15,66
Planobispora,4
Planococcus,270
Planomicrobium,128
Planomonospora,10
Planosporangium,5
Planotetraspora,14
Plantactinospora,23
Plantibacter,20
Plasticicumulans,7
Plastorhodobacter,4
Pleionea,4
Pleomorphomonas,15
Plesiocystis,5
Plesiomonas,128
Pleurocapsa_PCC-7319,62
Pleurocapsa_PCC-7327,7
Plot4-2H12,3
Pluralibacter,20
pLW-20,21
PMMR1,22
Polaribacter,207
Polaromonas,192
Polyangium,24
Polycladomyces,3
Polycyclovorans,39
Polymorphobacter,30
Polymorphospora,1
Polymorphum,2
Polynucleobacter,169
Pontibaca,4
Pontibacillus,27
Pontibacter,179
Pontibacterium,3
Ponticaulis,9
Ponticoccus,23
Pontimonas,3
Pontivivens,13
Porphyrobacter,97
Porphyromonas,714
Portibacter,34
Porticoccus,43
Poseidonibacter,5
Poseidonocella,2
possible_genus_02,13
possible_genus_03,8
possible_genus_04,20
possible_genus_05,51
possible_genus_06,2
possible_genus_Sk003-Sk004,9
possible_genus_Sk018,4
Postechiella,3
Potamolinea_1PC,6
Povalibacter,3
Pragia,23
Prauserella,28
Prevotella,2199
Prevotella_7,558
Prevotella_9,1041
Prevotellaceae_Ga6A1_group,21
Prevotellaceae_NK3B31_group,115
Prevotellaceae_UCG-001,321
Prevotellaceae_UCG-003,158
Prevotellaceae_UCG-004,100
Prevotellaceae_YAB2003_group,9
Pricia,10
Primorskyibacter,5
probable_genus_10,36
Procabacter,10
Prochlorococcus_MIT9313,138
Prochloron_P1-Palau,14
Prochlorothrix_PCC-9006,9
Profundibacterium,3
Profundimonas,22
Prolixibacter,14
Promicromonospora,70
Propionibacterium,91
Propionicicella,30
Propioniciclava,39
Propionicimonas,13
Propioniferax,3
Propionigenium,15
Propionimicrobium,6
Propionispira,4
Propionispora,7
Propionivibrio,76
Prosthecobacter,61
Prosthecochloris,26
Prosthecomicrobium,10
Proteiniborus,11
Proteiniclasticum,63
Proteiniphilum,276
Proteocatella,18
Proteus,356
Providencia,273
Pseudacidovorax,3
Pseudactinotalea,13
Pseudaestuariivita,2
Pseudahrensia,50
Pseudaminobacter,51
Pseudanabaena_NgrPSln22,3
Pseudanabaena_PCC-6802,4
Pseudanabaena_PCC-7367,10
Pseudanabaena_PCC-7403,2
Pseudanabaena_PCC-7429,38
Pseudarcicella,32
Pseudarcobacter,78
Pseudarthrobacter,468
Pseudenhygromyxa,7
Pseudoalteromonas,1119
Pseudobacteriovorax,7
Pseudobacteroides,9
Pseudobowmanella,3
Pseudobutyrivibrio,116
Pseudochelatococcus,14
Pseudochrobactrum,40
Pseudocitrobacter,28
Pseudoclavibacter,41
Pseudoclostridium,17
Pseudodonghicola,2
Pseudoduganella,8
Pseudoflavitalea,25
Pseudoflavonifractor,4
Pseudofulvibacter,129
Pseudofulvimonas,27
Pseudoglutamicibacter,4
Pseudogracilibacillus,18
Pseudogulbenkiania,21
Pseudohaliea,56
Pseudohalocynthiibacter,1
Pseudohoeflea,3
Pseudohongiella,218
Pseudokineococcus,5
Pseudolabrys,150
Pseudomaricurvus,2
Pseudomonas,9234
Pseudonocardia,380
Pseudooceanicola,38
Pseudooctadecabacter,2
Pseudopedobacter,21
Pseudopelagicola,1
Pseudopelobacter,7
Pseudophaeobacter,37
Pseudopropionibacterium,79
Pseudoramibacter,14
Pseudorhizobium,5
Pseudorhodobacter,74
Pseudorhodoferax,24
Pseudorhodoplanes,36
Pseudoroseicyclus,2
Pseudoruegeria,24
Pseudoscardovia,3
Pseudosphingobacterium,6
Pseudospirillum,4
Pseudosporangium,2
Pseudoteredinibacter,5
Pseudothermotoga,27
Pseudovibrio,67
Pseudoxanthobacter,6
Pseudoxanthomonas,174
Pseudozobellia,2
Psychrilyobacter,20
Psychrobacillus,64
Psychrobacter,621
Psychrobium,11
Psychroflexus,105
Psychroglaciecola,16
Psychromonas,92
Psychroserpens,35
Psychrosphaera,8
Puia,79
Pullulanibacillus,12
Puniceibacterium,6
Puniceicoccus,134
Pusillimonas,64
Pustulibacterium,1
Pygmaiobacter,13
Pyramidobacter,29
Pyrinomonas,4
Pyrobaculum,32
Pyrococcus,23
Pyrodictium,10
Pyruvatibacter,1
Pyxidicoccus,4
Qingshengfania,2
Qipengyuania,22
Quadrisphaera,41
Quatrionicoccus,3
Quinella,48
R76-B128,65
Rahnella,1
Rahnella1,92
Raineya,16
Raineyella,11
Ralstonia,484
Ramlibacter,184
Raoultella,180
Raoultibacter,16
Rapidithrix,10
Rarobacter,6
Rathayibacter,30
RB41,846
RBG-16-49-21,104
RBG-16-58-14,12
RCP1-48,14
RD011,7
Rehaibacterium,10
Reichenbachiella,26
Reinekea,34
Renibacterium,12
Reyranella,124
Rhabdanaerobium,1
Rhabdobacter,6
Rhabdochromatium,2
Rhabdothermus,2
Rheinheimera,227
Rhizobacter,174
Rhizocola,4
Rhizomicrobium,6
Rhizorhapis,54
Rhodanobacter,239
Rhodobaca,7
Rhodobacter,276
Rhodobaculum,40
Rhodobium,4
Rhodoblastus,15
Rhodocista,8
Rhodococcus,763
Rhodocyclus,4
Rhodocytophaga,30
Rhodoferax,352
Rhodoglobus,8
Rhodohalobacter,5
Rhodoligotrophos,5
Rhodoluna,18
Rhodomicrobium,65
Rhodonellum,2
Rhodopila,9
Rhodopirellula,292
Rhodoplanes,105
Rhodopseudomonas,121
Rhodospirillum,10
Rhodothalassium,6
Rhodothermus,18
Rhodovarius,19
Rhodovastum,21
Rhodovibrio,30
Rhodovulum,70
Rice_Cluster_I,33
Richelia_HH01,5
Rickettsia,163
Rickettsiella,35
Riemerella,55
Rikenella,40
Rikenellaceae_RC9_gut_group,1613
Risungbinella,4
Rivibacter,13
Rivicola,10
Rivularia_PCC-7116,46
Robbsia,15
Robertkochia,1
Robiginitalea,47
Robiginitomaculum,27
Robinsoniella,19
Rodentibacter,122
Romboutsia,340
Roseateles,26
Roseburia,1595
Roseiarcus,48
Roseibaca,13
Roseibacillus,63
Roseibacterium,35
Roseibium,6
Roseicitreum,1
Roseicyclus,12
Roseiflexus,32
Roseimarinus,81
Roseimaritima,9
Roseimicrobium,39
Roseinatronobacter,10
Roseisalinus,3
Roseisolibacter,8
Roseitalea,10
Roseivirga,14
Roseivivax,114
Rosenbergiella,38
Roseobacter,44
Roseobacter_clade_CHAB-I-5_lineage,27
Roseobacter_clade_Marinomonas_lineage,3
Roseobacter_clade_NAC11-7_lineage,92
Roseococcus,21
Roseofilum_AO1-A,9
Roseomonas,201
Roseospira,14
Roseospirillum,6
Roseovarius,223
Rothia,592
Rs-D38_termite_group,22
Rs-H88_termite_group,6
RS25G,2
RS62_marine_group,48
Ruania,5
Rubellimicrobium,94
Rubidibacter_KORDI_51-2,2
Rubidimonas,18
Rubinisphaera,27
Rubribacterium,19
Rubricoccus,2
Rubrimonas,10
Rubripirellula,54
Rubritalea,64
Rubritepida,13
Rubrivirga,11
Rubrivivax,29
Rubrobacter,261
Rudaea,8
Rudaeicoccus,1
Rudaibacter,1
Rudanella,6
Ruegeria,147
Rufibacter,26
Rugamonas,6
Rugosimonospora,2
RumEn_M2,13
Ruminiclostridium,277
Ruminobacter,47
Ruminococcus,1442
Ruminofilibacter,8
Rummeliibacillus,42
Runella,41
Rurimicrobium,6
s3t2d-1089,4
S5-A14a,25
S50_wastewater-sludge_group,5
Sabulilitoribacter,2
Saccharibacillus,18
Saccharibacter,5
Saccharicrinis,5
Saccharococcus,2
Saccharofermentans,201
Saccharolobus,51
Saccharomonospora,76
Saccharophagus,4
Saccharopolyspora,101
Saccharospirillum,18
Saccharothrix,60
Sagittula,19
Salana,5
Salarchaeum,3
Salegentibacter,86
Salibacterium,11
Salicola,16
Salilacibacter,2
Salimesophilobacter,3
Salimicrobium,32
Salinactinospora,1
Salinarchaeum,17
Salinarimonas,14
Salinibacillus,4
Salinibacter,1559
Salinibacterium,20
Salinicoccus,76
Salinicola,90
Salinigranum,20
Salinihabitans,3
Salinimicrobium,79
Salinimonas,23
Salininema,1
Salinirepens,12
Salinirubrum,4
Salinisphaera,43
Salinispira,12
Salinispirillum,2
Salinispora,40
Salinithrix,1
Salinivibrio,98
Salinivirga,54
Salipaludibacillus,96
Saliphagus,5
Salipiger,3
Salirhabdus,6
Salisaeta,10
Salisediminibacterium,7
Saliterribacillus,3
Salmonella,5327
Salsuginibacillus,5
Samsonia,1
Sandaracinobacter,19
Sandaracinus,46
Sandarakinorhabdus,9
Sanguibacter-Flavimobilis,52
Sanguibacteroides,8
Saprospira,14
SAR92_clade,97
Sarcina,169
Savagea,3
SBZC-1223,6
SC103,24
SCADC1-2-3,29
Scardovia,6
SCGC_AAA164-E04,23
SCGC-AB-539-J10,50
Schizothrix_LEGE_07164,10
Schlegelella,9
Schleiferia,48
Schleiferilactobacillus,14
Schlesneria,46
Schumannella,5
Schwartzia,9
Sciscionella,3
Scopulibacillus,4
Scytolyngbya_XSP1,2
Scytonema_PCC-7110,19
Scytonema_UCFS19,4
Scytonema_UTEX_2349,37
Scytonema_VB-61278,28
SD04E11,12
SDB,2
Sebaldella,7
Secundilactobacillus,45
Sedimentibacter,186
Sedimenticola,71
Sedimentitalea,45
Sediminibacillus,7
Sediminibacter,4
Sediminibacterium,95
Sediminicola,16
Sediminihabitans,1
Sediminimonas,20
Sediminispirochaeta,183
Sediminitomix,2
Sediminivirga,1
SEEP-SRB1,304
SEEP-SRB2,36
SEEP-SRB4,47
Segetibacter,128
Segniliparus,6
Seinonella,2
Selenihalanaerobacter,1
Seleniivibrio,3
Selenomonas,528
Sellimonas,33
Seminibacterium,1
Senegalimassilia,24
Seohaeicola,6
Seonamhaeicola,15
Serinibacter,4
Serinicoccus,10
Serratia,1359
SH-PL14,99
SH3-11,31
Sh765B-TzT-35,32
Sharpea,7
Shewanella,962
Shimazuella,18
Shimia,22
Shimwellia,32
Shinella,65
Shivajiella,3
Shuttleworthia,82
Siansivirga,5
Siccibacter,16
Siccirubricoccus,1
Sideroxydans,162
Silanimonas,19
Silicimonas,27
Silvanigrella,17
Silvimonas,6
Simiduia,8
Simkania,2
Simonsiella,16
Simplicispira,60
Singulisphaera,80
Sinibacillus,4
Sinobaca,4
Sinobacterium,8
Sinomicrobium,11
Sinomonas,44
Sinosporangium,3
Siphonobacter,9
Skermanella,66
Skermania,4
Slackia,52
SM1A02,283
SM23-31,31
Smaragdicoccus,8
Smithella,119
SN8,6
Sneathia,11
Sneathiella,31
Snodgrassella,25
Snowella_0TU37S04,12
Snuella,2
Sodalis,101
Soehngenia,33
Solibacillus,154
Solimonas,18
Solirubrobacter,183
Solitalea,37
Solobacterium,89
Soonwooa,5
Soortia,2
Sorangium,77
SP3-e08,19
Spelaeicoccus,2
Sphaerimonospora,6
Sphaerisporangium,48
Sphaerobacter,7
Sphaerochaeta,206
Sphaerospermopsis_BCCUSP55,29
Sphaerotilus,61
Sphingoaurantiacus,25
Sphingobacterium,402
Sphingobium,508
Sphingomicrobium,9
Sphingomonas,1809
Sphingopyxis,214
Sphingorhabdus,124
Sphingosinicella,13
Spinactinospora,1
Spiribacter,16
Spirilliplanes,2
Spirillospora,7
Spirillum,4
Spirochaeta,414
Spirochaeta_2,406
Spiroplasma,158
Spirosoma,140
Spirulina_CCC_Snake_P-Y-85,12
Spirulina_DRTO-55.2,4
Spirulina_P7,4
Spirulina_PCC-6313,6
Spirulina_PCC-9445,5
Spongiibacter,17
Spongiibacterium,7
Spongiiferula,2
Spongiimicrobium,5
Spongiimonas,7
Spongiispira,1
Spongiivirga,5
Sporacetigenium,11
Sporanaerobacter,27
Sporichthya,13
Sporobacter,14
Sporobacterium,1
Sporocytophaga,36
Sporohalobacter,4
Sporolactobacillus,67
Sporolituus,2
Sporomusa,104
Sporosarcina,279
Stackebrandtia,10
Stakelama,6
Stanieria_PCC-7437,6
Staphylococcus,6416
Staphylothermus,16
Stappia,18
Starkeya,13
Stella,12
Stenotrophobacter,104
Stenotrophomonas,1088
Stenoxybacter,3
Steroidobacter,157
Sterolibacterium,28
Stetteria,4
Stigmatella,14
Stigonema_SAG_48.90,31
Stomatobaculum,12
Streptacidiphilus,31
Streptoalloteichus,4
Streptobacillus,30
Streptococcus,7073
Streptohalobacillus,1
Streptomonospora,23
Streptomyces,6717
Streptosporangium,126
Stygiolobus,18
SU2_symbiont_group,9
Subdoligranulum,741
Subgroup_10,425
Subgroup_23,129
Subsaxibacter,17
Subsaximicrobium,4
Subtercola,18
Succinatimonas,9
Succiniclasticum,165
Succinimonas,12
Succinispira,6
Succinivibrio,141
Succinivibrionaceae_UCG-001,32
Succinivibrionaceae_UCG-002,11
Sufflavibacter,1
Sulfitobacter,279
Sulfobacillus,80
Sulfolobus,35
Sulfophobococcus,1
Sulfuricella,20
Sulfuricurvum,169
Sulfuriferula,54
Sulfuriflexus,2
Sulfurifustis,87
Sulfurihydrogenibium,56
Sulfurimonas,650
Sulfurirhabdus,17
Sulfurisoma,6
Sulfurisphaera,4
Sulfuritalea,161
Sulfuritortus,5
Sulfurivirga,6
Sulfurospirillum,184
Sulfurovum,1140
Sumerlaea,261
Sungkyunkwania,4
Sunxiuqinia,15
SUP05_cluster,228
Sutterella,117
Suttonella,10
SV1-3,3
Sva0081_sediment_group,206
Sva0996_marine_group,307
Swaminathania,4
SWB02,99
Symbiobacterium,24
Symphothece_PCC-7002,36
Symploca_PCC-8002,5
Symplocastrum_CPER-KK1,4
Synechococcus,1
Synechococcus_CC9902,177
Synechococcus_IR11,6
Synechococcus_MBIC10613,4
Synechococcus_PCC-6312,2
Synechococcus_PCC-7336,9
Synechococcus_PCC-7502,13
Synechococcus_PCC-7902,2
Synechococcus_PCC-7942,13
Synechocystis_BDHKU-20401,12
Synechocystis_CCALA_700,4
Synechocystis_PCC-6803,35
Synechocystis_SAG_90.79,3
Syner-01,48
Synergistes,4
Syntrophaceticus,20
Syntrophobacter,95
Syntrophobotulus,4
Syntrophococcus,54
Syntrophomonas,179
Syntrophorhabdus,168
Syntrophotalea,43
Syntrophothermus,7
Syntrophus,221
SZB85,13
T2WK15B57,2
Tabrizicola,53
Taeseokella,8
Tagaea,5
Tahibacter,24
Taibaiella,99
Tamaricihabitans,1
Tamlana,20
Tangfeifania,27
Tannerella,83
Tanticharoenia,5
Tardiphaga,17
Tateyamaria,39
Tatumella,49
Taylorella,33
Telluria,2
Tellurimicrobium,4
Telmatobacter,4
Telmatocola,5
Telmatospirillum,19
Temperatibacter,2
Tenacibaculum,246
Tenggerimyces,3
Tenuibacillus,3
Tepidamorphus,11
Tepidibacillus,6
Tepidibacter,16
Tepidicaulis,4
Tepidicella,3
Tepidimicrobium,75
Tepidimonas,29
Tepidiphilus,23
Tepidisphaera,7
Terasakiella,15
Terasakiispira,7
Teredinibacter,6
Termite_planctomycete_cluster,63
Termite_Treponema_cluster,261
Terrabacter,33
Terracidiphilus,9
Terracoccus,1
Terribacillus,29
Terriglobus,28
Terrilactibacillus,3
Terrimicrobium,50
Terrimonas,211
Terrisporobacter,110
Tersicoccus,4
Tessaracoccus,65
Testudinibacter,3
Tetragenococcus,51
Tetrasphaera,89
Texcoconibacillus,2
TG-45,2
Thalassobacillus,19
Thalassobaculum,13
Thalassobius,36
Thalassococcus,8
Thalassolituus,26
Thalassomonas,6
Thalassospira,106
Thalassotalea,106
Thauera,224
Thaumasiovibrio,16
Thermacetogenium,15
Thermaerobacter,11
Thermanaeromonas,14
Thermanaerothrix,2
Thermanaerovibrio,8
Thermasporomyces,1
Thermicanus,36
Thermincola,82
Thermithiobacillus,7
Thermoactinomyces,20
Thermoactinospora,1
Thermoanaerobacter,115
Thermoanaerobacterium,71
Thermoanaerobaculum,27
Thermobacillus,36
Thermobaculum,13
Thermobifida,22
Thermobispora,12
Thermobrachium,43
Thermocatellispora,3
Thermocladium,7
Thermoclostridium,31
Thermococcus,174
Thermocrinis,48
Thermocrispum,8
Thermodesulfatator,6
Thermodesulfitimonas,7
Thermodesulfobacterium,10
Thermodesulfobium,9
Thermodesulforhabdus,6
Thermodesulfovibrio,59
Thermodiscus,12
Thermofilum,46
Thermoflavifilum,4
Thermoflavimicrobium,7
Thermoflexibacter,7
Thermoflexus,51
Thermogemmatispora,8
Thermogladius,4
Thermogutta,17
Thermoleophilum,5
Thermolithobacter,13
Thermolongibacillus,2
Thermomarinilinea,11
Thermomicrobium,10
Thermomonas,130
Thermomonospora,12
Thermonema,5
Thermopallium,3
Thermopetrobacter,10
Thermophagus,1
Thermoplasma,11
Thermopolyspora,4
Thermoproteus,9
Thermorudis,2
Thermosinus,31
Thermosipho,37
Thermosphaera,9
Thermosporothrix,8
Thermostaphylospora,10
Thermostilla,1
Thermosulfidibacter,3
Thermosulfurimonas,2
Thermosulfuriphilus,1
Thermosynechococcus_BP-1,9
Thermosyntropha,9
Thermotalea,3
Thermotoga,28
Thermotomaculum,9
Thermotunica,2
Thermovibrio,7
Thermovirga,90
Thermus,186
Thioalbus,5
Thioalkalibacter,3
Thioalkalicoccus,3
Thioalkalimicrobium,14
Thioalkalispira-Sulfurivermis,60
Thioalkalivibrio,41
Thiobaca,3
Thiobacillus,277
Thiobacimonas,6
Thiobacter,5
Thiocapsa,24
Thioclava,22
Thiococcus,3
Thiocystis,19
Thiodictyon,5
Thiofaba,22
Thioflavicoccus,5
Thioflexothrix,10
Thiofractor,7
Thiogranum,66
Thiohalobacter,3
Thiohalocapsa,58
Thiohalomonas,10
Thiohalophilus,74
Thiohalorhabdus,34
Thiohalospira,6
Thiolamprovum,3
Thiolapillus,8
Thiomargarita,10
Thiomicrorhabdus,111
Thiomicrospira,31
Thiomonas,55
Thiophaeococcus,6
Thioploca,4
Thiopseudomonas,35
Thioreductor,7
Thiorhodococcus,11
Thiorhodospira,3
Thiorhodovibrio,5
Thiothrix,217
Thiovirga,47
Thiovulum,9
Thorsellia,3
Tianweitania,6
Tibeticola,5
Timonella,21
Tissierella,162
Tistlia,30
Tistrella,24
TM7a,79
TM7x,62
Tolumonas,32
Tolypothrix,89
Tomitella,6
Tonsilliphilus,2
TPD-58,18
Trabulsiella,23
Tranquillimonas,2
Treponema,1498
Trichlorobacter,34
Trichloromonas,12
Trichococcus,75
Trichocoleus_SAG_26.92,6
Trichodesmium_IMS101,41
Trichormus_HINDAK_2001-4,5
Tropheryma,3
Tropicibacter,34
Tropicihabitans,1
Tropicimonas,54
Truepera,230
Trueperella,37
Tsukamurella,53
Tuberibacillus,5
Tumebacillus,169
Tundrisphaera,65
Tunicatimonas,13
Turicella,19
Turicibacter,155
Turneriella,17
Tuwongella,7
Tuzzerella,33
TX1A-55,5
Tychonema_CCAP_1459-11B,58
Tyzzerella,389
U29-B03,19
UBA1819,40
UBA6140,17
UC5-1-2E3,4
UCG-001,16
UCG-002,511
UCG-003,71
UCG-004,187
UCG-005,1479
UCG-007,8
UCG-008,31
UCG-009,97
UCG-012,79
UCYN-C,2
UKL13-1,9
Uliginosibacterium,35
Ulvibacter,64
Umboniibacter,7
Umezawaea,3
Undibacterium,118
Urania-1B-19_marine_sediment_group,65
Ureaplasma,125
Ureibacillus,36
Ursidibacter,6
Uruburuella,4
UTBCD1,13
UTCFX1,41
V38,10
V9D2013_group,31
Vadicella,3
Vagococcus,55
Vallitalea,13
Vampirovibrio,21
Varibaculum,37
Variibacter,4
Variovorax,227
Varunaivibrio,3
Veillonella,821
Veillonellaceae_UCG-001,41
Venenivibrio,9
Ventosimonas,1
Verminephrobacter,32
Verruc-01,89
Verrucomicrobium,22
Verrucosispora,29
Verticiella,39
Vespertiliibacter,2
Vibrio,3893
Vibrionimonas,5
Vicinamibacter,24
Vicingus,67
Victivallis,18
Virgibacillus,207
Virgisporangium,11
Viridibacillus,9
Vitellibacter,23
Vitiosangium,2
Vitreoscilla,19
Vogesella,50
Volucribacter,5
Vulcanibacillus,16
Vulcaniibacterium,22
Vulcanisaeta,31
Vulcanithermus,1
Vulgatibacter,21
W5,53
W5053,87
Waddlia,7
Wandonia,7
Wangella,4
Wautersiella,3
wb1-A12,37
wb1-P19,54
WCHB1-32,176
WDS1C4,11
Weeksella,14
Weissella,346
Wenxinia,7
Wenyingzhuangia,15
Wenzhouxiangella,24
Wigglesworthia,6
Williamsia,38
Williamwhitmania,6
Wilmottia_Ant-Ph58,26
Winogradskyella,136
Woeseia,464
Wohlfahrtiimonas,6
Wolbachia,110
Wolinella,6
Woodsholea,2
Xanthobacter,44
Xanthomarina,6
Xanthomonas,522
XBB1006,17
Xenococcus_CRM,7
Xenococcus_PCC-7305,18
Xenophilus,9
Xenorhabdus,143
Xiangella,2
XY-R5,2
Xylanibacillus,5
Xylanibacterium,1
Xylanimicrobium,2
Xylanimonas,4
Xylella,69
Xylophilus,27
Yangia,21
Yaniella,8
YB-42,5
YC-ZSS-LKJ147,38
YC-ZSS-LKJ63,24
YC-ZSS-LKJ90,4
Yeosuana,3
Yersinia,711
Yimella,2
Yokenella,11
Yonghaparkia,6
Yoonia-Loktanella,121
Youhaiella,3
Youngiibacter,9
Youngimonas,4
YT-3,2
Yuhushiella,4
Z-35,20
Z114MB74,5
Z195MB87,4
Z20,37
Zavarzinella,8
Zavarzinia,2
Zeaxanthinibacter,22
Zhihengliuella,11
Zhizhongheella,4
Zhongshania,16
Zhouia,2
Zobellella,23
Zobellia,20
Zoogloea,136
Zooshikella,5
ZOR0006,40
Zunongwangia,18
Zymobacter,4
Zymomonas,55
Zymophilus,4
